Dorey Berling,ABD-1243,Truck Xtracab SR5,2019-08-22
Dorey Berling,ABC-1000,Wrangler,2018-06-18
Ofelia Manhood,ABN-2133,Aurora,2018-06-18
Mag Luca,WSE-2921,Ram Van 1500,2019-08-19
Etienne Winscum,FJD-2312,Wrangler,2019-06-24
Clemmy Skellion,ABS-3823,Sportvan G30,2019-08-14
Sergio Camier,JSI-3383,GTO,2018-03-30
Annabel Huglin,HHH-1233,Escape,2019-08-01
Moises Gaenor,IAJ-2948,BRZ,2019-02-10
Jobi Kenson,HJJ-3939,Familia,2019-02-17
Justinn Tiltman,EWR-3233,Neon,2018-03-15
Aurie Jeary,PLO-9299,B-Series Plus,2019-02-21
Templeton Pickthorne,OSI-0009,Raider,2018-03-19
Angelia Tolussi,UFI-2344,Savana 3500,2018-08-25
Remy MacAnespie,FGG-3322,Tiburon,2019-02-21
Gloriane Macey,OKI-3948,X3,2018-08-16
Hulda Dron,IIU-2931,Colorado,2019-08-08
Bebe Waddilow,PPP-2456,Acadia,2018-02-25
Cammie Casewell,RIR-2929,Silverado 2500,2019-12-21
Alisha Capelle,OIU-0938,F150,2017-12-27
Sabina Gell,OUG-4764,Frontier,2019-04-07
Nils Colecrough,THI-7127,500,2017-09-20
Vitoria Crisall,NCY-3768,Clubman,2017-01-14
Babb De Carolis,WRM-1849,Aries,2019-08-25
Nada Marrison,VUT-3844,Familia,2018-05-11
Averyl Phillippo,QGZ-0514,Impreza,2017-06-15
Maison Earnshaw,PRS-1490,Grand Caravan,2017-09-18
Moshe Baudasso,SBH-7510,Town Car,2019-07-25
Daria Dignum,OES-7285,Sentra,2018-04-21
Beck Ruslin,TVX-3596,Forester,2018-05-06
Forster Basnett,HQQ-3296,X5,2018-08-08
Tracy Degoe,KLG-7153,RAV4,2017-08-02
Alexandre Stoffels,RJH-5748,7 Series,2019-07-23
Tyrone Pottie,XQH-3277,Q,2019-10-15
Melodie Jentin,XHF-1984,Sierra 2500,2018-02-17
Gavra Delve,FHR-5044,500,2019-06-01
Donia Farmery,UDK-9550,Camry,2018-03-31
Johny Lewry,RZE-8225,Evora,2017-04-03
Layne Kassel,GDY-6671,ES,2018-10-16
Darby Pimlott,NQM-0787,Yukon XL 1500,2016-12-15
Constancia Honywill,SGM-6514,Swift,2017-06-16
Brew Evreux,VVH-5639,Grand Voyager,2019-11-22
Vevay Stroband,EWV-4085,Altima,2017-08-18
Bambi Kerrane,AXY-5731,Venture,2018-03-08
Eamon Santostefano.,YUI-7361,4Runner,2019-03-31
Avictor Stoad,XVG-2079,Sidekick,2018-04-19
Winfield Rapsey,UME-7280,Santa Fe,2019-03-19
Patrizia Medlicott,DPE-4845,Mustang,2017-01-16
Clem Satford,KHM-6344,Escalade EXT,2018-05-03
Ki Bussel,DGD-3814,Bronco II,2019-04-13
Red Tynnan,SMD-3640,Grand Caravan,2018-12-19
Marigold Foale,DUC-1307,Ranger,2017-03-10
Doralyn Brecken,VOG-7289,E-Class,2019-08-28
Drusy Trownson,GAU-0953,E-Series,2018-12-05
Dena Barnardo,VQF-9468,Defender 90,2017-01-12
Arlene Springtorpe,JGH-9526,C-Class,2018-07-26
Sebastian Aleswell,AZU-3288,C30,2017-04-21
Timothy Zuenelli,CTY-1405,S40,2017-10-17
Lanni D'Souza,UIM-8114,Grand Marquis,2017-08-06
Bartolemo Brazel,WWF-0350,Bronco II,2019-07-30
Garv Durrans,YLD-5582,Sierra,2018-10-11
Evita Palke,RLQ-5550,Vandura 2500,2018-05-07
Anett Dayly,KCP-0482,Lancer Evolution,2019-09-23
Joscelin Punton,ZVC-1535,Mountaineer,2017-09-02
Mellie Pellew,DMH-0067,Cube,2019-10-14
Lorrin Cordeix,ANT-7388,RX-8,2019-11-16
Miguela Gheorghe,QLV-0476,STS,2019-08-24
Yelena MacDowall,QVP-4527,A6,2019-04-24
Bess Screech,ISZ-1126,TundraMax,2017-12-02
Ella Maurice,CIE-1294,Grand Prix,2017-08-26
Cole McInerney,JAA-0241,Sonoma,2019-02-28
Wilma Haveline,TKJ-5234,Mazdaspeed 3,2019-01-12
Brigham Loader,QTG-2534,XC90,2019-06-14
Clarita Bangle,WPT-7098,Express,2018-05-17
Yolande Dowdell,ZAB-2981,F-Series,2018-03-26
Suki Robilart,BCD-0408,S-Class,2018-03-27
Sansone Tring,FJD-2547,Prelude,2017-03-01
Orson Hadfield,KCT-9332,3 Series,2017-04-15
Janaye Bossingham,OBX-2779,Galant,2018-06-12
Anastasia Tomini,EXS-9867,Tiburon,2019-05-21
Allison Tomashov,ABB-7294,Relay,2018-02-23
Janeva Bengal,OAS-3426,Q,2017-08-30
Brendan Klimes,ETB-0680,Century,2019-07-10
Erich Greenway,HHL-2220,Trooper,2019-10-10
Henrieta Fedynski,PYX-2836,Sportage,2018-09-17
Rica Statersfield,USG-7481,X5 M,2017-09-27
Hyacinthia Bristowe,HER-4339,Century,2018-06-20
Arlena Kitcatt,KZY-8610,TL,2019-05-04
Tami Tresise,CPN-7753,Escort,2019-06-18
Elvis Tatters,ZHW-6842,Vandura 2500,2019-03-06
Neala Netherwood,THL-5615,Escort,2019-08-28
Julieta Simonson,SYV-1254,Daytona,2018-08-05
Camey Leidecker,PLA-0783,Rogue,2019-06-10
Port Rae,XFI-1995,G-Series 2500,2018-11-01
Solomon Whitland,SPQ-1919,B-Series Plus,2017-10-18
Perry Blacker,LDT-2180,I,2017-04-03
Dillie Stoade,OXC-5219,Impreza,2019-05-24
Edgar Saiz,MNI-7855,LeMans,2018-08-13
Donn Greggersen,XRO-3441,S4,2019-03-02
Quinn Nowland,LTI-3460,MPV,2019-09-11
Ericka Doumenc,DYI-7042,Titan,2018-03-29
Sheri Simoes,DEL-2215,C70,2018-04-09
Lenette Cranefield,BIY-3962,Excel,2017-12-15
Fredrika Frosch,YBD-7646,Explorer Sport Trac,2018-06-11
Lindie Feckey,JWZ-3213,Integra,2018-06-01
Abbye Cometto,XZK-3271,Cougar,2017-06-07
Cassaundra Christal,PKE-3387,Lumina,2018-11-22
Rhodie Hadcock,DEA-2267,Bronco,2017-03-23
Clemmie Thyer,AHY-8186,Grand Am,2018-02-19
Rebecka Rayburn,VQF-1603,GTI,2017-09-18
Damara Ayce,PUW-9061,Legacy,2018-03-13
Anissa Shimman,DFU-4221,J,2016-12-10
Nathan Orhrt,IQD-4551,Element,2017-08-26
Nonie Pepys,SDM-5175,Scoupe,2018-02-09
Shurwood Quarlis,JAU-0977,G,2017-09-10
Axe Wadsworth,NYH-6161,I,2016-12-09
Raddy Leggitt,MXV-6199,Commander,2016-12-07
Pandora Bramer,KBX-3733,Exige,2018-10-15
Cherri Rocco,YBA-9760,Wrangler,2018-05-13
Mar Bettridge,IYN-0731,Colorado,2018-09-30
Web Lucock,FNL-8346,Ram 1500 Club,2019-01-06
Myrle Burnitt,MQH-9506,M5,2017-02-02
Ade Foxon,BFO-0631,B-Series Plus,2018-12-09
Karalee Marousek,LNO-9715,V70,2019-06-14
Winnie Aberchirder,SNM-7521,XJ,2018-06-13
Doralyn Sadler,OXI-3645,MX-5,2017-10-25
Elisabetta Makey,GGH-1502,MPV,2019-08-01
Ricardo Dun,QEL-9958,Escalade,2019-09-03
Augie Diggar,NKG-3099,Coachbuilder,2017-12-22
Dav Loynton,PUM-4280,S5,2018-08-30
Peria Spurnier,UGD-1962,Mighty Max,2018-09-26
Selia Westcot,LAL-3870,Grand Marquis,2019-06-26
Constancia Mabbs,KTP-8608,4Runner,2016-12-27
Dom McKinley,UNJ-6669,VUE,2017-06-05
Terrel Doag,JRN-1196,Bronco II,2018-03-19
Lew Brawley,YTO-1638,LTD Crown Victoria,2017-03-29
Robinet Gulberg,BJD-9739,Range Rover Sport,2017-07-29
Caresa Thonger,OFV-8705,Corvette,2017-03-12
Friedrich Adriaens,EPG-9407,CLK-Class,2018-12-09
Kalvin Yielding,BJB-6621,Rally Wagon G3500,2018-01-02
Titus Murrill,RMX-1481,Tracker,2018-12-08
Albert Jelk,ECP-0929,760,2019-09-14
Sarette MacGragh,AIO-1053,Grand Caravan,2018-01-25
Fred Bonanno,YBX-3007,G-Class,2017-04-09
Flossy Glossop,KDV-2862,Mountaineer,2017-08-31
Irwin Cuseck,WPL-6030,Land Cruiser,2017-08-10
Aharon McPaik,BRU-0129,Tacoma Xtra,2017-06-20
Alexandro Pledger,NTC-1515,FX,2019-06-24
Pierre Freund,XHF-3665,300,2017-03-31
Cameron Dufour,JDM-7807,Laser,2017-08-26
Grazia Annell,APM-9881,Probe,2017-11-30
Mabelle Emanuelov,RZA-6811,Civic Si,2017-02-25
Edita Garces,DJV-6946,GS,2017-01-05
Lothario Mordey,ANR-2962,Justy,2019-10-04
Jorie Vyvyan,UHL-5849,Sierra 1500,2017-07-15
Evy Kindell,VFJ-7617,Mazda6,2017-01-10
Melli Ragdale,PES-8717,Corvette,2019-10-20
Worthington Edis,YPU-0989,Cayenne,2019-04-12
Andres Devitt,XJM-6794,Caravan,2018-07-16
Muffin Jiri,KDP-0508,LS Hybrid,2018-06-17
Eliot Lardez,ATS-1788,LeSabre,2018-01-02
Syman Sharrem,NUS-2281,W201,2017-07-30
Esma McGuggy,YDW-0453,Escort,2018-11-30
Lelah Raffon,CTD-9580,Veyron,2019-01-22
Stewart Bickle,AVZ-4342,5000CS,2017-03-04
Mead Bezants,THV-8220,Ram Wagon B150,2017-03-19
Mair Peschke,CRR-0906,Xterra,2019-04-13
Norma Lander,WBZ-2732,Veracruz,2018-09-07
Zarla Fison,QYX-5100,CTS,2017-12-28
Danny Antonsson,CBY-4758,Rally Wagon 1500,2018-11-22
Karoly Frow,VMU-6227,Tribute,2017-01-21
Merrielle Truter,QNU-0858,530,2018-03-25
Esteban Hancke,JFZ-8419,Murci√©lago,2016-12-07
Barn Fredi,MRZ-1876,Econoline E150,2016-12-30
Madelene Ding,MOB-9838,Beretta,2017-10-17
Basile Imlen,YOD-9399,4Runner,2017-12-01
Ethelind Lukash,GIK-6290,Civic,2017-11-04
Nickolas Pevreal,YZI-3905,Elantra,2019-04-04
Valli Fey,AKO-9566,Grand Marquis,2017-10-08
Haywood Strooband,LAW-8323,B-Series Plus,2018-07-21
Lammond Cluely,KXD-8081,Gallardo,2018-06-10
Gran Mingus,NSO-5548,G37,2017-03-06
Art Dudill,VEB-0253,Sable,2017-09-17
Dick Granger,MUS-0397,Tacoma,2019-06-10
Zechariah Scanterbury,XVP-6712,Viper,2017-05-20
Ame Boundey,TRP-1038,1500,2019-07-29
Mame Crolly,LNF-1782,Sterling,2018-03-14
Dora De Maine,BUL-5613,Tribute,2019-01-05
Allegra Hallbord,IUQ-7376,RDX,2017-11-24
Aymer Forre,CZS-0849,Jetta,2019-10-06
Armin Attreed,RZD-7691,G-Series G10,2017-03-19
Cameron Karppi,RFD-3403,Expedition EL,2017-07-23
Carmine Hein,CEL-9010,Impreza,2019-10-13
Elfie Livezey,HWM-5587,Rio,2017-11-04
Jorrie De Laci,DXY-8271,Q5,2017-10-30
Lura Casassa,AKJ-5409,C-MAX Hybrid,2017-10-11
Thebault Ogilby,FPC-4941,Tiburon,2018-03-29
Shandee Lacheze,VVT-0724,Boxster,2018-06-17
Sigfrid Bogart,HZI-1917,CL-Class,2018-06-17
Riannon Sein,KZY-9548,Escalade,2017-12-19
Pansie Nannizzi,AZI-4118,Mazda2,2016-12-17
Constantin Binley,NGV-2546,Bronco II,2019-06-17
Wilhelmina Chess,GMI-3172,Charade,2017-11-21
Cornelle Magner,RLJ-4483,Cherokee,2018-11-09
Lanny Worsalls,LMM-2013,Crossfire Roadster,2017-01-25
Laird Witherow,XAY-7613,Camry,2019-05-19
Brandea Welfare,LKS-9889,Pilot,2018-10-09
Sallie Hinsch,FKZ-9323,A4,2018-05-21
Bryna Oolahan,JIV-3509,XLR,2017-03-03
Huntington Veal,RRO-4029,XG350,2018-04-02
Nollie Castagnone,YHC-6181,Golf III,2017-07-30
Rachelle Lowless,QGE-4948,Lumina APV,2019-03-18
Dolly Caple,FPW-7890,Voyager,2018-01-18
Zeb Bayless,VPG-4143,Swift,2019-09-06
Clementius Offener,WMJ-4038,Ram 2500,2019-09-27
Arley Altree,VST-9374,XK Series,2018-12-05
Isac Lean,FOM-3023,Hombre,2017-06-02
Addy Windibank,ESD-8822,Savana 1500,2019-11-23
Marita Eyes,IDN-4448,RX,2017-02-25
Lilah Hughes,BGA-2830,Thunderbird,2017-09-19